name,website,batch,status,founded_year,team_size,one_liner,yc_slug,source
Rivet,https://rivet.design/,Fall 2025,Active,2025,,Visual editor to design in production code,rivet-design,ycombinator
Openroll,https://www.openroll.com,Fall 2025,Active,2025,4,The AI workforce for People and Finance teams,openroll,ycombinator
Clicks,https://goclicks.ai/,Fall 2025,Active,2025,4,AI agents for your back-office operations.,clicks,ycombinator
DiligenceSquared,https://diligencesquared.com/,Fall 2025,Active,2025,3,AI-powered market due diligence for investment decisions,diligencesquared-inc,ycombinator
Boom AI,https://useboom.ai,Fall 2025,Active,2025,3,AI growth team for e-commerce brands,boom-ai,ycombinator
Freeport Markets,https://www.freeportmarkets.com/,Fall 2025,Active,2025,3,Tradable Twitter Feed ,freeport-markets,ycombinator
Jarmin,https://jarmin.ai/,Fall 2025,Active,2025,,24/7 Machine Learning Engineer employees,jarmin,ycombinator
Exonic,https://exonic.ai,Fall 2025,Active,2025,3,Unsupervised Biological AI,exonic,ycombinator
Lemma,https://www.uselemma.ai/,Fall 2025,Active,2025,2,Reliability platform for AI agents,uselemma,ycombinator
Denki,https://denki.ai,Fall 2025,Active,2025,2,The full-stack AI financial audit firm,denki,ycombinator
Arcten,https://arcten.com,Fall 2025,Active,2025,2,Building the best coding agents.,arcten,ycombinator
Primer,https://www.startprimer.com,Fall 2025,Active,2025,2,AI Product Demos,primer,ycombinator
Philon,https://philon.ai/,Fall 2025,Active,2025,,General Purpose Robots,philon,ycombinator
Sourcebot,https://www.sourcebot.dev/,Fall 2025,Active,2025,2,Helping humans and AI agents understand massive codebases,sourcebot,ycombinator
Patent Watch,https://www.patentwatch.ai/,Fall 2025,Active,2025,4,AI for detecting patent infringements,patent-watch,ycombinator
Leadbay,https://leadbay.ai/,Fall 2025,Active,2025,8,Discover and qualify SMB leads that couldn't be found before.,leadbay,ycombinator
Cortex AI,https://cortexrobot.ai/,Fall 2025,Active,2025,3,Large-scale real-world robot & human data for embodied AI,cortex-ai,ycombinator
Inspector,https://www.tryinspector.com,Fall 2025,Active,2025,2,AI IDE for front-end development,inspector,ycombinator
Thesis,https://thesislabs.ai,Fall 2025,Active,2025,2,Accelerating AI research,thesis,ycombinator
Compyle,https://compyle.ai,Fall 2025,Active,2025,2,The coding agent that actually collaborates with you,compyle,ycombinator
Lexi,https://getlexi.io/,Fall 2025,Active,2025,4,AI Associates for Corporate Law,lexi,ycombinator
Rovr,https://www.withrovr.com/,Fall 2025,Active,2025,3,AI FDE Engine that runs yourengineering workflows,rovr,ycombinator
Redapto,https://www.redapto.com/,Fall 2025,Active,2025,2,,redapto,ycombinator
Helonic,https://helonic.com,Fall 2025,Active,2025,2,Automatic Construction Drawing Clash Detection ,helonic,ycombinator
Aleph Lab,http://alephlab.ai/,Fall 2025,Active,2025,1,AI language buddy in the games kids love,aleph-lab,ycombinator
Sciloop,https://sciloop.dev,Fall 2025,Active,2025,2,Expert STEM reasoning data for frontier AI labs.,sciloop,ycombinator
Allus AI,https://allus.ai,Fall 2025,Active,2025,3,Transforming manufacturing with our next-gen Vision Foundation Model,allus-ai,ycombinator
Unsiloed AI,https://www.unsiloed.ai/,Fall 2025,Active,2025,2,API for parsing multimodal unstructured data,unsiloed-ai,ycombinator
Terrain,https://onterrain.ai/,Fall 2025,Active,2025,2,Stealth,terrain,ycombinator
SellRaze,https://sellraze.com,Fall 2025,Active,2025,6,The fastest way to sell online.,sellraze,ycombinator
Mod AI,https://usemod.ai,Fall 2025,Active,2025,4,Touchless AP Automation,mod-ai,ycombinator
Semble AI,https://www.sembleai.com,Fall 2025,Active,2025,2,Autonomous building-system design for construction companies.,semble-ai,ycombinator
Nessie,https://nessielabs.com/,Fall 2025,Active,2025,2,Shareable AI Brains for Everyone,nessie,ycombinator
Trelium,https://www.trelium.com,Fall 2025,Active,2025,2,TheAgent to Build Your Agents,trelium,ycombinator
Norra,https://www.norra.io,Fall 2025,Active,2025,2,Automating equipment operations for nursing facilities,norra,ycombinator
Soren,https://soren-ai.com,Fall 2025,Active,2025,1,Private AI forRegulated Industries,soren,ycombinator
The Context Company,https://thecontext.company,Fall 2025,Active,2025,2,Monitor AI agents and understand user behavior,the-context-company,ycombinator
Scoop,https://scooplabs.ai,Fall 2025,Active,2025,2,Automating regulatory submissions for life sciences,scoop,ycombinator
Hyperspell,https://hyperspell.com,Fall 2025,Active,2025,6,Memory for AI Agents,hyperspell,ycombinator
Bolna AI,https://bolna.ai,Fall 2025,Active,2025,5,Voice AIto enable India's next billion,bolna-ai,ycombinator
Nexus,https://agent.nexus,Fall 2025,Active,2025,2,We help non-technical teams build AI agents without engineers,gpt,ycombinator
Structured AI,https://www.getstructured.ai/,Fall 2025,Active,2025,8,AI workforce for Construction Engineering,structured-ai,ycombinator
Uplane,https://uplane.com,Fall 2025,Active,2025,7,Replace marketing agencies with AI,uplane,ycombinator
Lapis,https://www.trylapis.com/,Fall 2025,Active,2025,4,AI that creates on-brand image ads,lapis,ycombinator
Mixy,https://usemixy.com,Fall 2025,Active,2025,2,Make mashups without knowing how to DJ,mixy,ycombinator
Paloma,https://getpaloma.ai/,Summer 2025,Active,2025,3,AI-native CRM for putting post-sales operations on autopilot,paloma,ycombinator
Freya,https://freyavoice.ai/,Summer 2025,Active,2025,14,Voice AI for Enterprises,freya,ycombinator
NOSO LABS,https://noso.so,Summer 2025,Active,2025,3,Build AI agents for field technicians to diagnose and sell 10x better,noso-labs,ycombinator
RowFlow,https://rowflow.ai,Summer 2025,Active,2025,2,Replacing forms with AI conversations,rowflow,ycombinator
TectoAI,https://www.tecto.ai/,Summer 2025,Active,2025,2,APlatform for AI Governance,tectoai,ycombinator
Fleetline,https://fleetline.ai,Summer 2025,Active,2025,7,Optimizing fleet planning with data driven algorithms,fleetline,ycombinator
stagewise,https://stagewise.io,Summer 2025,Active,2025,2,The coding agent built for the web,stagewise,ycombinator
Reacher,https://reacherapp.com/,Summer 2025,Active,2025,15,We automate creator marketing for the world's largest brands,reacher,ycombinator
Certus AI,https://www.certus-ai.com/,Summer 2025,Active,2025,3,Replacing the restaurant phone line with Voice AI,certus-ai,ycombinator
Pally,https://pally.com,Summer 2025,Active,2025,3,Intelligent Unified Inbox + Personal CRM,pally,ycombinator
Locata,https://www.locatahealth.com/,Summer 2025,Active,2025,4,AI Referral Automation for Primary Care Clinics,locata,ycombinator
Pleom,https://pleom.com,Summer 2025,Active,2025,0,AgenticBusiness Intelligence,pleom,ycombinator
Eden,https://edenhq.com,Summer 2025,Active,2025,2,Synthetic data + simulators for sales demos,tryeden,ycombinator
Humoniq,https://humoniq.ai,Summer 2025,Active,2025,6,AI-Native BPO for travel & transport,humoniq,ycombinator
Palace,https://www.palace.so,Summer 2025,Active,2025,2,Palace lets commercial truck fleet optimize load plans in less time,palace,ycombinator
Floot,https://floot.com,Summer 2025,Active,2025,2,The easiest wayfor non-coders to build apps with AI.,floot,ycombinator
Alara,http://alaradental.com,Summer 2025,Active,2025,0,Procurement Platform for Dental Offices,alara,ycombinator
Omnara,https://omnara.com,Summer 2025,Active,2025,4,Mobile & Web Interface for Claude Code & Codex,omnara,ycombinator
Knowlify,https://www.knowlify.com/,Summer 2025,Active,2025,6,The AI Explainer Video Maker,knowlify,ycombinator
Autosana,https://autosana.ai,Summer 2025,Active,2025,2,AI agents for E2Etesting across mobile & web,autosana,ycombinator
Finto,https://www.gofinto.com/,Summer 2025,Active,2025,7,AI accounting for enterprise finance teams,finto-de,ycombinator
Manufact (formerly mcp-use),https://manufact.com,Summer 2025,Active,2025,4,Open source SDK & cloud infrastructure for MCP Servers & ChatGPT Apps ,manufact,ycombinator
Phases,https://phases.ai,Summer 2025,Active,2025,3,"""Automating clinical trials, starting with patient recruitment.""",phases,ycombinator
Mimos,https://www.trymimos.com/,Summer 2025,Active,2025,2,Helping companies rankin AI search,mimos,ycombinator
Normal,https://www.normalfactory.com/,Summer 2025,Active,2025,2,Testing and certifying the hardware of the future,normal,ycombinator
GhostEye,https://ghosteye.ai,Summer 2025,Active,2025,2,Vulnerability Management for the Human Layer ,ghosteye,ycombinator
Channel3,https://trychannel3.com,Summer 2025,Active,2025,5,Database of every product on the internet,channel3,ycombinator
Embedder,https://www.embedder.com,Summer 2025,Active,2025,4,AIFirmware Engineer,embedder,ycombinator
Doe,https://doe.so/,Summer 2025,Active,2025,4,"""The boring stuff, handled. Everything else, supercharged.""",doe,ycombinator
Riverbank,https://www.riverbank.sh/,Summer 2025,Active,2025,1,AI-native RedTeaming and Offensive Security ,riverbank,ycombinator
Stellon Labs,https://stellonlabs.com/,Summer 2025,Active,2025,2,Building tiny frontier AI models that run on edge devices,stellon-labs,ycombinator
AgentHub,https://www.agenthublabs.com,Summer 2025,Active,2025,2,The simulation and evaluation engine for AI agents,agenthub-2,ycombinator
Slashy,https://www.slashy.com/,Summer 2025,Active,2025,3,Cursor for Email,slashy,ycombinator
Wedge,https://www.wedge.health,Summer 2025,Active,2025,2,Palantir for Healthcare AI Agents,wedge,ycombinator
CareSwift,https://www.careswift.com/,Summer 2025,Active,2025,2,AI scribe for Ambulance Reports,careswift,ycombinator
DeepAware AI,https://roboticscenter.ai/,Summer 2025,Active,2025,2,"""Robots, parts & RL environments - delivered in 72 hrs or pickup in SF.""",deepaware-ai,ycombinator
Magnitude,https://magnitude.dev,Summer 2025,Active,2025,2,Open source coding agent,magnitude,ycombinator
Nori,https://nori.ai,Fall 2025,Active,2025,3,AI health coach in your pocket,nori,ycombinator
Frizzle,https://www.frizzle.com,Summer 2025,Active,2025,2,AI Grading for Teachers,frizzle,ycombinator
Alter,https://alterai.dev,Summer 2025,Active,2025,2,Secure access control and authorization platform for agent workflows,alter,ycombinator
Cyberdesk,https://www.cyberdesk.io,Summer 2025,Active,2025,2,Self learning computer use agent for developers,cyberdesk,ycombinator
Panels,https://www.usepanels.com/,Summer 2025,Active,2025,2,Audio Data for AI Labs,panels,ycombinator
Monarcha,https://monarcha.ai,Summer 2025,Active,2025,2,Turn maps into data,monarcha,ycombinator
Lotas,https://www.lotas.ai,Summer 2025,Active,2025,2,AI for Data Science and 3D,lotas,ycombinator
Design Arena,https://www.designarena.ai/,Summer 2025,Active,2025,3,World's largest crowdsourced benchmark for AI-generated design,design-arena,ycombinator
Datafruit,https://datafruit.ai/,Summer 2025,Active,2025,4,The AI workspace for software implementations,datafruit,ycombinator
Liva AI,https://www.theliva.ai,Summer 2025,Active,2025,2,Audio & Video Data,liva-ai,ycombinator
Lanesurf,https://www.lanesurf.com/,Summer 2025,Active,2025,4,Voice AI for booking freight,lanesurf,ycombinator
Astor,https://astor.app/,Summer 2025,Active,2025,5,AI advisor for retail investors,astor,ycombinator
truthsystems,https://www.truthsystems.ai,Summer 2025,Active,2025,3,Automatically blocking risky behavior with real-time governance agents,truthsystems,ycombinator
MangoDesk,https://www.mangodesk.com/,Summer 2025,Active,2025,2,RL environments for software engineering,mangodesk,ycombinator
Closera,https://closera.com,Summer 2025,Active,2025,2,AI employees for commercial real estate,closera,ycombinator
Meteor,https://browse.dev,Summer 2025,Active,2025,2,An AI-Native Browser,meteor,ycombinator
Prox,https://useprox.com,Fall 2025,Active,2025,2,AI technical support for complex physical products,prox,ycombinator
Autonomous Technologies Group,https://becomeautonomous.com/,Fall 2025,Active,2025,8,Superintelligentfinancial advisor,autonomous-technologies-group,ycombinator
Docket,https://docketqa.com,Spring 2025,Active,2025,2,AI agents for web testing,docket,ycombinator
Aegis,https://aegishealth.us/,Spring 2025,Active,2025,3,AI Agents to win denied health insurance claims.,aegis,ycombinator
Text.ai,https://www.text.ai/,Spring 2025,Active,2025,4,Alfi - your group chat with social skills to bring friends closer,text-ai,ycombinator
StarSling,https://www.starsling.dev/,Spring 2025,Active,2025,2,Cursor for DevOps,starsling,ycombinator
Wavedash,https://wavedash.com,Spring 2025,Active,2025,3,Play the latest games in your browser with no downloads,wavedash,ycombinator
Cactus,https://oncactus.com,Spring 2025,Active,2025,2,24/7 AI Call Center for Home Services,oncactus,ycombinator
Vision Lab,https://thevisionlab.ai/,Spring 2025,Active,2025,8,Industrial data layer for robotics training,vision-lab,ycombinator
Code Four,https://codefour.us/,Spring 2025,Active,2025,3,Modernizing the police workflow.,code-four,ycombinator
Lumari,https://www.lumari.io/,Spring 2025,Active,2025,5,AI Digital Workers for Supply Chain ,lumari,ycombinator
Moby Analytics,https://www.mobyanalytics.com/,Spring 2025,Active,2025,4,AI financial auditors,moby-analytics,ycombinator
Mesmer,https://mesmer.co,Spring 2025,Active,2025,3,Cursor for CTOs,mesmer,ycombinator
Orchid,https://orchid.ai,Spring 2025,Active,2025,3,Proactive agent for work,orchid-ai,ycombinator
Scalar Field,https://www.scalarfield.io/,Spring 2025,Active,2025,3,Reinventing the trading terminal — one intelligent agent at a time.,scalar-field,ycombinator
Cactus,https://www.cactuscompute.com/,Summer 2025,Active,2025,8,Low-latency AI engine for mobile devices & wearables,cactus,ycombinator
Boost Robotics,https://www.boostrobotics.ai,Spring 2025,Active,2025,2,Robots for the inspection and maintenance of data centers,boost-robotics,ycombinator
KlavisAI,https://www.klavis.ai/,Spring 2025,Active,2025,3,Live Environments for Training AI Agents,klavis-ai,ycombinator
Besimple AI,https://besimple.ai,Spring 2025,Active,2025,6,Voice data for AI,besimple-ai,ycombinator
Human Behavior,https://www.humanbehavior.co/,Spring 2025,Active,2025,3,Understand your users beyondthe numbers,human-behavior,ycombinator
QualGent,https://www.qualgent.ai,Spring 2025,Active,2025,10,AI Mobile App Quality Assurance Tester,qualgent,ycombinator
Theta,https://thetasoftware.com,Spring 2025,Active,2025,7,Specialized AI forEvery Job,theta,ycombinator
Cleon,https://getcleon.ai,Spring 2025,Active,2025,2,AI agents for hotels & resorts,cleon,ycombinator
Crimson,https://crimson.law,Spring 2025,Active,2025,4,The AI Associate for Litigation Lawyers,crimson,ycombinator
Morphik,https://morphik.ai,Spring 2025,Active,2025,2,Open-source multimodal search for AI apps,morphik,ycombinator
Clidey,https://clidey.com,Spring 2025,Active,2025,4,Model your organization. Run it in real time.,clidey,ycombinator
Sixtyfour,https://www.sixtyfour.ai/,Spring 2025,Active,2025,8,IntelligenceInfrastructure on People and Entities,sixtyfour,ycombinator
Tegore,https://tegore.ai/,Spring 2025,Active,2025,1,Your new AI-powered math tutor.,tegore,ycombinator
Freesolo,https://freesolo.co,Spring 2025,Active,2025,4,Product Native Models,freesolo,ycombinator
Bluejay,https://getbluejay.ai/,Spring 2025,Active,2025,7,"""Test, monitor, and improve your voice and chat AI agents""",bluejay,ycombinator
Kestral,https://kestral.ai,Spring 2025,Active,2025,3,We automate your entire product development lifecycle.,kestral,ycombinator
Percival,https://percy.tech,Spring 2025,Active,2025,3,Accelerating data analysis for research,percival,ycombinator
Sim,https://sim.ai,Spring 2025,Active,2025,5,Open source platform tobuild AI agent workflows,sim,ycombinator
Clarm,https://www.clarm.com,Spring 2025,Active,2025,2,Capture inbound revenue whilst you build,clarm,ycombinator
Beluga,https://www.trybeluga.ai/,Spring 2025,Active,2025,3,Influencer marketing that converts,beluga,ycombinator
Zeon Systems,https://www.zeonsystems.ai/,Spring 2025,Active,2025,5,AI-powered robotics for scientific lab automation.,zeon-systems,ycombinator
Chonkie,https://www.chonkie.ai,Spring 2025,Active,2025,2,Deepresearch on autopilot,chonkie,ycombinator
Ralo,https://www.ralo.com/,Spring 2025,Active,2025,2,Find Your Best Mortgage Deal,ralo,ycombinator
Serafis,https://serafis.ai,Summer 2025,Active,2025,4,The AI knowledge graph for institutionalinvestors,serafis,ycombinator
Golf,https://golf.dev/,Spring 2025,Active,2025,2,Agentic AI Security and Governance,golf,ycombinator
BitBoard,https://bitboard.work/,Spring 2025,Active,2025,2,The best way to use AI for spreadsheets.,bitboard,ycombinator
Blaxel,https://blaxel.ai,Spring 2025,Active,2025,8,The perpetual sandbox platform,blaxel,ycombinator
Mentra,https://mentra.glass,Winter 2025,Active,2025,12,Building the open source smart glasses operating system.,mentra,ycombinator
Dex,https://joindex.com,Winter 2025,Active,2025,2,The AI Coworker in Chrome,joindex,ycombinator
Browser Use,https://browser-use.com,Winter 2025,Active,2024,7,Leading open-source web agent project with 50k stars in 3 months,browser-use,ycombinator
TamLabs,https://tamlabs.ai,Winter 2025,Active,2025,2,AIfor Professional Services,tamlabs,ycombinator
Ergo,https://joinergo.com,Winter 2025,Active,2025,0,AI agents and unified data layer for revenue teams,ergo,ycombinator
CopyCat,https://runcopycat.com,Winter 2025,Active,2024,2,AI agents built for insurance. ,copycat,ycombinator
Spott,https://spott.io,Winter 2025,Active,2025,25,AI-native ATS/CRM for recruiting firms,spott,ycombinator
Woz,https://www.wozcode.com/,Winter 2025,Active,2025,8,Claude Code plugin that reduces token consumption and cost by 50%,woz,ycombinator
Proception Inc,https://proception.ai/,Winter 2025,Active,2025,10,Making humanoids dexterous enough to thread aneedle,proception-inc,ycombinator
Wildcard,https://wild-card.ai,Winter 2025,Active,2025,1,Sell Products in ChatGPT Shopping,wildcard,ycombinator
Pinch,https://startpinch.com,Winter 2025,Active,2025,3,Real-time AI Voice Translation for Developers,pinch,ycombinator
Mastra,https://mastra.ai,Winter 2025,Active,2025,8,"""The Javascript framework for building AI agents, from the Gatsby devs""",mastra,ycombinator
AfterQuery,https://afterquery.com,Winter 2025,Active,2025,30,Applied research lab curating data solutions for foundation model…,afterquery,ycombinator
Artificial Societies,https://societies.io,Winter 2025,Active,2025,6,We build networks of AI personas that simulate stakeholder opinions,artificial-societies,ycombinator
Sennu AI,https://www.sennu.ai,Winter 2025,Active,2025,2,We turn traditional companies into AI companies,sennu-ai,ycombinator
Outlit,https://outlit.ai/,Winter 2025,Active,2025,2,Customer Context for Agents,outlit,ycombinator
Calltree,https://calltree.ai,Winter 2025,Active,2025,7,Enterprise-grade AIsupport reps for call centers,calltree,ycombinator
Nitrode,https://www.nitrode.com,Winter 2025,Active,2025,4,Data for reasoning agents in dynamic environments,nitrode,ycombinator
Exla,https://exla.ai/,Winter 2025,Active,2025,2,An SDK to run transformer models anywhere,exla,ycombinator
Confident AI,https://confident-ai.com,Winter 2025,Active,2025,7,The LLM Eval and Observability Platform forAI Quality,confident-ai,ycombinator
Trata,https://www.trytrata.com/,Winter 2025,Active,2025,6,AI-powered research desk for hedge funds,trata,ycombinator
Haleum,https://haleum.ai/,Winter 2025,Active,2025,3,Human Risk Intelligence for the AI-era,haleum,ycombinator
Lucidic AI,https://lucidic.ai,Winter 2025,Active,2025,4,AI Agent Training via Simulations,lucidic-ai,ycombinator
Mundo AI,https://mundoai.world,Winter 2025,Active,2025,4,High Quality Multilingual Training Data for AI Models,mundo-ai,ycombinator
Pluto,https://www.pluto.trade,Winter 2025,Active,2025,5,Regulated derivatives exchange,pluto,ycombinator
Lopus AI,https://lopus.ai,Winter 2025,Active,2025,2,Analytics built for Growth,lopus-ai,ycombinator
Cenote,https://www.joincenote.com/,Winter 2025,Active,2025,3,AI agents that convert and retain patients for digital clinics,cenote,ycombinator
Harbera,https://harbera.com/,Winter 2025,Active,2025,2,AI Healthcare Provider Credentialing Software,harbera,ycombinator
Stillwind,https://stillwind.ai,Winter 2025,Active,2025,4,Autonomous Electrical Engineering,stillwind,ycombinator
Pickle,https://www.pickle.com,Winter 2025,Active,2025,15,Where your life context becomesunderstanding.,pickle-2,ycombinator
Asteroid,https://asteroid.ai,Winter 2025,Active,2024,5,AI Browser Workforce for Operations Teams,asteroid,ycombinator
Gale,https://galevisa.com,Winter 2025,Active,2025,3,Fast and Data-Driven Immigration Platform,gale,ycombinator
Olive,https://fromolive.com,Winter 2025,Active,2025,2,The context layer for your team,olive,ycombinator
Cuckoo Labs,https://www.cuckoo.so/,Winter 2025,Active,2025,2,Real-time AI translator for global sales and marketing,cuckoo-labs,ycombinator
Mecha Health,https://www.mecha-health.ai/,Winter 2025,Active,2025,4,Foundation models to automate x-ray analysis for radiologists,mecha-health,ycombinator
Osmosis,https://osmosis.ai/,Winter 2025,Active,2025,6,Reinforcement Learning (RL) for AI Agents,osmosis,ycombinator
Swerve,https://www.getswerve.com/,Winter 2025,Active,2025,2,Chat with AI Characters,swerve,ycombinator
Cifrato,https://cifrato.ai,Winter 2025,Active,2025,13,AI Accountant for Accounting Firms,cifrato,ycombinator
Cardamon,https://cardamon.ai/,Winter 2025,Active,2025,2,AI compliance co-pilot for regulated financial businesses,cardamon,ycombinator
Trim,https://trimresearch.com,Winter 2025,Active,2025,3,A foundation model for physics.,trim,ycombinator
SalesPatriot,https://www.salespatriot.com/,Winter 2025,Active,2025,13,We help defense firms win more contracts with the Pentagon,salespatriot,ycombinator
Maive,https://maive.ai,Winter 2025,Active,2025,2,AI for Home Services,maive,ycombinator
Weave,https://workweave.dev,Winter 2025,Active,2025,13,AI to understand engineering work,weave-3,ycombinator
Caseflood.ai,https://caseflood.ai,Winter 2025,Active,2025,2,How elitelaw firms do intake,caseflood-ai,ycombinator
Tejas AI,https://www.trytejas.ai/,Winter 2025,Active,2025,2,Risk Decisioning Platform for Banks,tejas-ai,ycombinator
Toothy AI,https://www.toothy.ai/,Winter 2025,Active,2025,15,AI for insurance verification & billing at dental clinics,toothy-ai,ycombinator
Truffle AI,https://www.trytruffle.ai/,Winter 2025,Active,2025,2,AWS for AI Agents,truffle-ai,ycombinator
Closure,https://closure-intel.com/,Winter 2025,Active,2025,4,Wehelp law enforcement solve crime,closure,ycombinator
Promptless,https://promptless.ai/,Winter 2025,Active,2024,5,An AI teammate that automatically updates your customer-facing docs,promptless,ycombinator
Scout,https://scoutforschools.com/,Winter 2025,Active,2025,8,AI-powered student information system for K-12 schools,scout-4,ycombinator
Vocality Health,https://www.vocalityhealth.com,Winter 2025,Active,2025,2,Voice AI for medical language translation,vocality-health,ycombinator
Alice.tech,https://www.alice.tech/,Winter 2025,Active,2025,5,AI-driven exam prep,alice-tech,ycombinator
Praxim,https://www.praxim.ai/,Winter 2025,Active,2025,2,The agentic AI Word editor,praxim,ycombinator
Tweeks.io,https://tweeks.io,Winter 2025,Active,2025,2,Lovable for Chrome Plugins,tweeksio,ycombinator
Leaping AI,https://www.leapingai.com,Winter 2025,Active,2025,11,Voice AI agents to automate call centers (digital call center workers),leaping-ai,ycombinator
Vetnio,https://vetnio.com/,Winter 2025,Active,2025,6,AI Copilot that automates admin work for veterinary professionals,vetnio,ycombinator
Candor,https://www.usecandor.ai,Winter 2025,Active,2025,2,We help companies win government funding with AI,candor,ycombinator
Outship,https://outship.ai,Winter 2025,Active,2025,3,Hire amazing engineers by seeing how they use AI,outship,ycombinator
Edexia,https://www.edexia.com/,Winter 2025,Active,2024,4,AI Teacher Assistant for Grading Essays,edexia,ycombinator
Quantstruct,https://quantstruct.com,Winter 2025,Active,2025,2,AI documentation engineer – test & autoimprove stale product docs,quantstruct,ycombinator
SRE.ai,https://sre.ai,Fall 2024,Active,2024,5,AI DevOps Agents,sre-ai,ycombinator
Melder,https://melder.io,Fall 2024,Active,2024,2,AI formulas and document support for Microsoft Excel,melder,ycombinator
Forerunner AI,https://tryforerunner.com,Fall 2024,Active,2024,2,AI that gets aircraft flying faster,forerunner-ai,ycombinator
Struct,https://struct.ai,Fall 2024,Active,2024,2,Automate your on-call runbook,struct-ai,ycombinator
ArchiLabs,https://archilabs.ai,Fall 2024,Active,2024,2,AI Copilot for Architects,archilabs,ycombinator
Diffusion Studio,https://diffusion.studio/,Fall 2024,Active,2024,3,"""Professional-grade video editing, in your browser.""",diffusion-studio,ycombinator
BrowserBook,https://www.browserbook.com,Fall 2024,Active,2024,3,The Browser Automation IDE,browserbook,ycombinator
AutoComputer,https://www.autocomputer.ai/,Fall 2024,Active,2024,2,Desktop RPA with AI computer use,autocomputer,ycombinator
vly.ai,https://vly.ai,Fall 2024,Active,2024,3,The Lovable & Replit killers,vly-ai-2,ycombinator
HYBRD,https://www.hybrd.com/,Fall 2024,Active,2024,5,Getfaster & stronger,hybrd,ycombinator
Lingo.dev,https://lingo.dev,Fall 2024,Active,2024,7,"""Localization engineering platform for consistent, quality translations""",lingodotdev,ycombinator
Luthor,https://luthor.ai,Fall 2024,Active,2024,3,Marketing Approval Platform for Regulated Industries,luthor,ycombinator
Keye,https://www.keye.co,Fall 2024,Active,2024,3,The Smartest Private Equity Investor,keye,ycombinator
RiskCube,https://riskcube.com,Fall 2024,Active,2024,3,AI-native insurance broker for startups — from Earth to the Moon.,riskcube,ycombinator
CTGT,https://www.ctgt.ai/,Fall 2024,Active,2024,6,The deterministic layer for frontier intelligence,ctgt,ycombinator
Endstack,https://www.endstack.com,Fall 2024,Active,2024,2,Cloud desktop OS for humans and agents,endstack,ycombinator
Revyl,https://www.revyl.ai,Fall 2024,Active,2024,7,AI-Native Mobile Testing,revyl,ycombinator
Raycaster,https://raycaster.ai,Fall 2024,Active,2024,3,AI for life sciences documents,raycaster,ycombinator
Darkgrade,https://darkgrade.com,Fall 2024,Active,2024,1,Let your camera understand the world,darkgrade,ycombinator
Candle,https://www.trycandle.app/,Fall 2024,Active,2024,2,Candle helps friends and couples grow closer daily in just 5 minutes.,candle,ycombinator
Galini,https://www.galini.ai/,Fall 2024,Active,2024,2,Compliance guardrails-as-a-servicefor AI applications,galini,ycombinator
Riveter,https://www.riveterhq.com/,Fall 2024,Active,2024,2,Turn the web into structured data,riveter,ycombinator
Onlook,https://onlook.com/,Winter 2025,Active,2025,4,Cursor for Designers,onlook,ycombinator
DreamRP,https://www.dreamrp.com/,Summer 2024,Active,2024,2,Tech andplatforms for human creators and the entertainment industry,dreamrp,ycombinator
Conductor,https://conductor.build,Summer 2024,Active,2024,4,Run a team of coding agents on your Mac,conductor,ycombinator
PathPilot,https://www.getpathpilot.com/,Summer 2024,Active,2024,3,AI Agents for Lending Operations,pathpilot,ycombinator
Affil.ai,https://affil.ai/,Summer 2024,Active,2024,4,AI Affiliate Network For Financial Companies,affil-ai,ycombinator
Overlap,https://www.overlap.ai,Summer 2024,Active,2024,6,Multimodal AI agents for video,overlap,ycombinator
Void,https://useglass.ai,Summer 2024,Active,2024,2,The open source Cursor alternative,void,ycombinator
Anglera,https://www.anglera.com/,Summer 2024,Active,2024,6,AI-Powered Product Data Enrichment,anglera,ycombinator
Pipeshift,https://pipeshift.com,Summer 2024,Active,2024,10,Inference for real-time production workloads,pipeshift,ycombinator
Vera Health,https://www.vera-health.ai,Summer 2024,Active,2024,6,AI-powered clinical decision support for healthcare providers,vera-health,ycombinator
Keet,https://trykeet.com,Summer 2024,Active,2024,2,Authentication for AI Agents,keet,ycombinator
Usul,https://www.usul.com,Summer 2024,Active,2024,11,AI Platform for Winning Defense & Government Contracts,usul,ycombinator
Oway,https://www.shipoway.com,Summer 2024,Active,2024,10,AI Infrastructure for America’s Empty Truck Space,oway,ycombinator
Voker,https://voker.ai,Summer 2024,Active,2024,6,The Agent Analytics Platform,voker,ycombinator
Rastro,https://rastro.ai,Summer 2024,Active,2024,3,The fastest way to launch product catalogs.,rastro,ycombinator
Quetzal,https://getquetzal.com/,Summer 2024,Active,2024,2,"""Simple, LLM-first translation and internationalization for software""",quetzal,ycombinator
Typa,https://typa.ai,Summer 2024,Active,2024,2,The content engine that wins attention and drives growth.,typa,ycombinator
"Sterling Labs, Inc",https://www.focusbuddy.ai/?ref=yc,Summer 2024,Active,2024,2,Currently in stealth - previously FocusBuddy,sterling-labs-inc,ycombinator
Orca Launcher,https://orcalauncher.com,Summer 2024,Active,2024,2,A launcher that turns Minecraft into a game platform like Roblox ,orca-launcher,ycombinator
Assembly HOA,https://assemblyhoa.com,Summer 2024,Active,2024,12,AI-native HOA Management Company,assembly-hoa,ycombinator
Polymet,https://polymet.ai,Summer 2024,Active,2024,3,AI Product Designer,polymet,ycombinator
Propaya,https://www.propaya.com,Summer 2024,Active,2024,2,AI commercial lease abstractions and review,propaya,ycombinator
ZeroPath,https://zeropath.com,Summer 2024,Active,2024,4,Automatically find andfix your software vulnerabilities,zeropath,ycombinator
bluedoor,https://bluedoor.sh/,Summer 2024,Active,2024,1,Professional-grade stock research in your terminal.,bluedoor,ycombinator
Handled,https://www.itshandled.ai,Summer 2024,Active,2024,2,Automating post-order operations for e-commerce brands and 3PLs,handled,ycombinator
Baseline AI,https://www.baselinetrials.com/,Summer 2024,Active,2024,2,AI document creation and data management for clinical trials,baseline-ai,ycombinator
Cartage,https://cartage.ai,Summer 2024,Active,2024,12,Autonomous freight coordination,cartage,ycombinator
Palmier,https://www.palmier.io,Summer 2024,Active,2024,2,Cinematic AI Marketing Videos,palmier,ycombinator
Simple AI,https://www.usesimple.ai,Summer 2024,Active,2024,11,AI voice that sells,simple-ai,ycombinator
Sensei,https://senseirobotics.com,Summer 2024,Active,2024,2,Robotic Training Data at Scale,sensei,ycombinator
Presti AI,https://www.presti.ai/,Summer 2024,Active,2024,16,Helping furniture companies create product visuals with AI,presti-ai,ycombinator
The Forecasting Company,https://www.theforecastingcompany.com,Summer 2024,Active,2024,7,Foundation models for time series,the-forecasting-company,ycombinator
Zettascale,https://zscc.ai,Summer 2024,Active,2024,4,Energy efficient chips for AI,zettascale,ycombinator
Brighterway,https://www.brighterway.ai/,Summer 2024,Active,2024,14,Streamlining the medical record review process in workers comp,brighterway,ycombinator
Soff,https://soff.ai,Summer 2024,Active,2024,6,AI Agents for Distributors,soff,ycombinator
Parley,https://parley.so,Summer 2024,Active,2024,3,"""Automating flat-fee legal work, startingwith work visas + green cards""",parley,ycombinator
Thunder Compute,https://www.thundercompute.com,Summer 2024,Active,2024,4,The world's cheapest GPU cloud,thunder-compute,ycombinator
Kura AI,https://trykura.com,Summer 2024,Active,2024,2,New State of the Art for Browser Agents,kura-ai,ycombinator
Piggy Robotics,https://piggyrobotics.com,Fall 2025,Active,2025,15,Humanoid robots that do your chores for the price of an iPhone!,piggy-robotics,ycombinator
Mage Legal,https://magelegal.com,Summer 2024,Active,2024,2,Automatic AI Legal Diligence,mage-legal,ycombinator
winfunc,https://winfunc.com,Summer 2024,Active,2024,2,ai-native security engineering for mission critical codebases,winfunc,ycombinator
Seals AI,https://www.hireseals.ai/,Summer 2024,Active,2024,4,AI Employees for Wholesalers & Distributors,seals-ai,ycombinator
Drillbit,https://www.drillbit.com,Summer 2024,Active,2024,10,Automating Office Work for Residential Contractors.,drillbit,ycombinator
Sharpe,https://sharpe.sh,Summer 2024,Active,2024,3,Agents for quantitative research and financial data science.,sharpe,ycombinator
Planbase,https://www.joinplanbase.com/,Summer 2024,Active,2024,4,AI workforce management for healthcare ,planbase,ycombinator
Clearly AI,https://clearly-ai.com,Summer 2024,Active,2024,12,Automate security and privacy reviews,clearly-ai,ycombinator
Overstand Labs,https://overstandlabs.com,Winter 2025,Active,2024,4,Navigate anyset of data - no matter how large - in minutes.,overstand-labs,ycombinator
Ontra Mobility,https://www.ontramobility.com,Summer 2024,Active,2024,2,Platform for cities to optimize transit ,ontra-mobility,ycombinator
Aluna,https://alunadata.com,Summer 2024,Active,2024,3,Data for biomedical AI,aluna,ycombinator
Anthrogen,https://anthrogen.com,Summer 2024,Active,2024,6,We're training the next generation of protein foundation models.,anthrogen,ycombinator
Benchify,https://www.benchify.com,Summer 2024,Active,2024,4,Executable healthcare contracts,benchify,ycombinator
TaxGPT,https://www.taxgpt.com,Summer 2024,Active,2024,28,AI tax assistant for professionals and businesses,taxgpt,ycombinator
Lighthouz AI,https://lighthouz.ai/,Summer 2024,Active,2024,8,"""Freight bill audits, AP, AR automation for freight brokers with…""",lighthouz-ai,ycombinator
Modus,https://himodus.com,Summer 2024,Active,2024,3,Unlock revenue per employee with AI-powered headcount management,modus,ycombinator
Plume,http://www.plumefinder.com,Summer 2024,Active,2024,4,Renewable infrastructure deployment at scale.,plume,ycombinator
Stormy AI,https://stormy.ai,Summer 2025,Active,2024,5,Al platform that makessocial marketing as easy as running a Google…,stormy-ai,ycombinator
Gauge,https://withgauge.com,Summer 2024,Active,2024,6,"""Your marketing agent for organic, paid, and AI search.""",gauge,ycombinator
Kenley,https://kenley.ai/,Summer 2024,Active,2024,6,AI Agents for Advisory & Financial Services.,kenley,ycombinator
Tivara,https://tivara.com,Summer 2024,Active,2024,2,The AI workforce for medicalgroups,tivara,ycombinator
Lore,https://joinlore.app/,Summer 2024,Active,2024,2,Transform your iMessage conversations into shareable stories,joinlore,ycombinator
CodeViz,https://www.codeviz.ai/,Summer 2024,Active,2024,2,One living modelof your software architecture,codeviz,ycombinator
Elevate,https://www.useelevate.dev/,Summer 2024,Active,2024,3,Automated AI data integrations for roll-ups,elevate-2,ycombinator
Storia AI,https://storia.ai,Summer 2024,Active,2024,2,Opensource AI copilot that knows your company's code and its context,storia-ai,ycombinator
Scape,https://scape.app,Summer 2024,Active,2024,2,AI-native CRM that captures all your conversations,scape,ycombinator
Willow,https://willowvoice.com/,Spring 2025,Active,2024,6,The voice interface replacing your keyboard,willow,ycombinator
NetworkOcean,https://networkocean.io/,Summer 2024,Active,2024,4,Webuild and operate underwater data centers.,networkocean,ycombinator
Silurian,https://silurian.ai/,Summer 2024,Active,2024,6,"""Foundation models to simulate Earth, starting with weather.""",silurian,ycombinator
Unbound,https://getunbound.ai/,Summer 2024,Active,2024,7,Use AI tools without fear of data leakage,unbound,ycombinator
Decisional AI,https://www.decisional.com/,Summer 2024,Active,2024,3,Self healing automation agents that run in the background.,decisional-ai,ycombinator
FirstWork,https://firstwork.com,Summer 2024,Active,2024,9,Rippling for seasonal workers,firstwork,ycombinator
Sorcerer,https://sorcerer.earth,Summer 2024,Active,2024,4,Building a nervous system for the atmosphere,sorcerer,ycombinator
Wordware,https://wordware.ai/,Summer 2024,Active,2024,15,AI agents you canrely on,wordware,ycombinator
Maitai,https://trymaitai.com,Summer 2024,Active,2024,6,"""Reliable, self-improving enterprise AI""",maitai,ycombinator
Corgi Insurance,https://corgi.insure,Summer 2024,Active,2024,100,Corgi is building an AI financial infrastructure company,corgi-insurance,ycombinator
Sage Care,https://sagecare.ai,Summer 2024,Active,2024,4,Automating home care agency operations withAI,sagecare,ycombinator
Codes Health,https://www.getcodeshealth.com/,Summer 2024,Active,2024,12,Medical Record Retrieval with Zero Human Error,codes-health,ycombinator
Entangl,https://www.entangl.com/,Summer 2024,Active,2024,7,Find & resolve issues in data center engineering & operations using AI,entangl,ycombinator
ProhostAI,https://www.prohost.ai/,Summer 2024,Active,2024,5,AI Property Manager for Airbnb & Short-Term Rental Hosts,prohostai,ycombinator
Educato,https://www.educato.com/,Summer 2024,Active,2024,5,Worldwide exam-prep platform,educato,ycombinator
Saphira AI,https://saphira.ai,Summer 2024,Active,2024,6,Vanta for Hardware,saphira-ai,ycombinator
Mem0,https://mem0.ai,Summer 2024,Active,2024,4,The Memory layer for your AI apps,mem0,ycombinator
Superunit,http://superunit.ai,Summer 2024,Active,2024,2,"""Faster, more profitable background checks withAI""",superunit,ycombinator
Ångström AI,https://www.angstrom-ai.com,Summer 2024,Active,2024,5,Gen AI molecular simulations that reproduce wetlab results,angstrom-ai,ycombinator
Marr Labs,https://www.marrlabs.com/,Winter 2024,Active,2024,9,AI-voice agents that are indistinguishable from humans.,marr-labs,ycombinator
Forge Rewards,https://www.joinforge.app/,Winter 2024,Active,2024,2,Starbucks app for restaurants,forge-rewards,ycombinator
Same,https://same.new,Winter 2024,Active,2023,5,Build products without coding,same,ycombinator
GetCrux,http://getcrux.ai/,Winter 2024,Active,2024,9,AI Creative Strategist,getcrux,ycombinator
InspectMind AI,https://www.inspectmind.ai,Winter 2024,Active,2024,3,AI agent for construction drawings review,inspectmind-ai,ycombinator
kater.ai,https://www.kater.ai,Winter 2024,Active,2024,3,Deliver complete data analysis from a singlequestion,kater-ai,ycombinator
Integuru,https://www.integuru.ai,Winter 2024,Active,2024,4,Generate the most robust APIs with any website,integuru,ycombinator
VoxOps AI,https://www.voxopsai.com/,Winter 2024,Active,2023,6,Voice AI for Automotive,voxops-ai,ycombinator
Evolvere BioSciences,https://www.evolverebiosciences.com/,Summer 2024,Active,2024,3,Making Next-Generation Antibiotics that Outpace Bacterial Evolution,evolvere-biosciences,ycombinator
Silogy,https://silogy.io,Winter 2024,Active,2023,3,An AI-powered test and debug platform for chip developers,silogy,ycombinator
Senso,http://www.senso.ai,Winter 2024,Active,2024,8,Control what AI says about you,senso,ycombinator
Magic Hour,https://magichour.ai,Winter 2024,Active,2023,2,Platform for AI video generation.,magic-hour,ycombinator
Veles,http://www.getveles.com,Winter 2024,Active,2024,5,CPQ for humansand agents,veles,ycombinator
Fluently,https://getfluently.app/,Winter 2024,Active,2024,2,Your personal English tutor,fluently,ycombinator
Basepilot,https://www.basepilot.com/,Winter 2024,Active,2024,2,AI agents for insurance claims,basepilot,ycombinator
Aqua Voice,https://aquavoice.com,Winter 2024,Active,2024,5,Frontier Voice Input - write 4x faster than typing.,aqua-voice,ycombinator
Adapted,https://adapted.app,Winter 2024,Active,2023,2,AI physical therapy for athletes,adapted,ycombinator
Ocular AI,https://useocular.com,Winter 2024,Active,2024,6,"""AI-Native Data Engine for LLMs, Computer Vision, & Enterprise AI""",ocular-ai,ycombinator
Retell AI,https://retellai.com,Winter 2024,Active,2023,30,Supercharge Your Contact Center Operations with AI Phone Agents,retell-ai,ycombinator
Rove,https://rove.com,Winter 2024,Active,2023,4,Travel the world for free.,rove,ycombinator
Downlink,https://downlink.dev/,Winter 2024,Active,2024,1,Make yourLLMs 3x faster.,downlink,ycombinator
Shepherd,https://www.shepherd.study,Winter 2024,Active,2024,5,Every student's personalized learning assistant,shepherd-2,ycombinator
Openmart,https://www.openmart.com,Winter 2024,Active,2024,6,Localbusiness data intelligence platform,openmart,ycombinator
Alai,https://getalai.com,Winter 2024,Active,2024,5,Create high quality presentations quickly using AI,alai,ycombinator
Brainbase Labs,https://brainbaselabs.com,Winter 2024,Active,2024,5,The AI Labor Company,brainbase-labs,ycombinator
Focal,https://focalml.com,Winter 2024,Active,2024,2,AI video creation tool for TV shows and movies,focal,ycombinator
Ligo Biosciences,https://www.ligo.bio,Summer 2024,Active,2024,4,Enzyme design models.,ligo-biosciences,ycombinator
Model ML,https://www.modelml.com/,Winter 2024,Active,2023,80,AI Workspace for Financial Services.,model-ml,ycombinator
BetterBasket,http://www.betterbasket.com,Winter 2024,Active,2024,5,Smart grocery pricing with AI,betterbasket,ycombinator
Risotto,https://tryrisotto.com,Winter 2024,Active,2024,3,Risotto auto-solves IT support requests using AI,risotto,ycombinator
Diana,https://getdiana.com/,Winter 2024,Active,2024,7,Give Your Employee An Employee,diana,ycombinator
Raindrop,https://www.raindrop.ai,Winter 2024,Active,2024,9,Sentry for AI Agents,raindrop,ycombinator
Manifold Freight,https://www.manifoldfreight.com/,Winter 2024,Active,2024,5,Aggregating Spot Freight Opportunities for Carriers,manifold-freight,ycombinator
OffDeal,https://offdeal.io,Winter 2024,Active,2024,15,AI-native investment bank for small businesses,offdeal,ycombinator
Overeasy,https://overeasy.sh/,Summer 2024,Active,2024,2,,overeasy,ycombinator
Andy AI,https://with-andy.com,Winter 2024,Active,2024,5,Faster clinical documentation for home health nurses,andy-ai,ycombinator
Conduit,https://conduit.ai/?utm_source=referral&utm_medium=organic&utm_campaign=ycombinator,Winter 2024,Active,2024,18,Conversational AI agents for Customer Service.,conduit-ai,ycombinator
Preloop,https://www.preloop.com,Winter 2024,Active,2023,2,Translate your experimental scripts into production ML services,preloop,ycombinator
Superagent,https://superagent.sh/,Winter 2024,Active,2023,2,Red teaming for AI agents,superagent,ycombinator
SevnAI,https://sevn.ai/,Winter 2024,Active,2023,2,AI Gaming,sevnai,ycombinator
Ellipsis,https://ellipsis.dev,Winter 2024,Active,2024,2,AI code reviews & bug fixes,ellipsis,ycombinator
Solari AI,https://www.usesolari.ai/,Winter 2024,Active,2024,1,Gives non-technical team members agents that work right out of the box,solari-ai,ycombinator
Centralize,https://www.usecentralize.com/,Winter 2024,Active,2023,6,The AI-powered deal collaboration platform for high ACV revenue teams,centralize,ycombinator
phospho,https://phospho.ai,Winter 2024,Active,2024,2,Give brains to robots,phospho,ycombinator
Firebender,https://firebender.com,Winter 2024,Active,2024,1,Most powerful coding agent for Android engineers,firebender,ycombinator
Aether,https://www.tryaether.co/,Winter 2024,Active,2024,8,AI sales platform for home services,aether,ycombinator
Fuse,http://www.fuseinsight.com,Summer 2024,Active,2024,3,AI helpers for patient intake and benefits checks,fuse-2,ycombinator
PandasAI,https://pandas-ai.com,Winter 2024,Active,2024,3,PandasAI is an open-source conversational data analysis platform with…,pandasai,ycombinator
14.ai,https://14.ai,Winter 2024,Active,2023,3,AI engine powering autonomous brands startingwith gloglo.com,14-ai,ycombinator
Tamarind Bio,https://www.tamarind.bio,Winter 2024,Active,2023,15,AI Inference Platform for Drug Discovery,tamarind-bio,ycombinator
Decipher AI,https://getdecipher.com,Winter 2024,Active,2024,4,QA agents that write tests 10x faster with zero maintenance,decipher-ai,ycombinator
Respan,https://respan.ai,Winter 2024,Active,2024,10,"""Self-driving observability, evals, and gateway for AI agents""",respan,ycombinator
Meticulate,https://meticulate.ai/,Winter 2024,Active,2024,5,Making it easy for B2B sales teams to send stellar outbound,meticulate,ycombinator
Tusk,https://usetusk.ai,Winter 2024,Active,2023,4,AI agent that generates unit and integration tests,tusk,ycombinator
TokenOwl,https://tokenowl.ai,Winter 2024,Active,2024,2,AI portfolio tools for thenext generation of finance,tokenowl,ycombinator
Ecliptor,https://ecliptor.ai,Winter 2024,Active,2024,2,AI and Embeddings. ,ecliptor,ycombinator
Greenboard,https://www.greenboard.com,Winter 2024,Active,2023,26,Modern OS for the financial back office. ,greenboard,ycombinator
Eggnog,https://www.eggnog.ai,Winter 2024,Active,2024,1,Fun with AI video,eggnog,ycombinator
Arini,https://www.arini.ai,Winter 2024,Active,2024,17,AI receptionist for dentists,arini,ycombinator
AveryIQ,https://callavery.com,Winter 2024,Active,2024,3,AI Copilot for Property Managers and Landlords,averyiq,ycombinator
Agentic Labs,https://agenticlabs.com,Winter 2024,Active,2024,2,AI system design tools for dev teams,agentic-labs-2,ycombinator
nCompass Technologies,https://www.ncompass.tech,Winter 2024,Active,2024,3,Optimize performance on GPUs - 10x faster,ncompass-technologies,ycombinator
Pretzel AI,https://withpretzel.com,Winter 2024,Active,2024,2,AI tooling,pretzel-ai,ycombinator
Reducto,https://reducto.ai,Winter 2024,Active,2024,30,The most accurate API to parse documents,reducto,ycombinator
Andon Labs,https://andonlabs.com/,Winter 2024,Active,2023,9,Autonomous organizations without humans inthe loop,andon-labs,ycombinator
Poka Labs,https://www.pokalabs.com/,Summer 2024,Active,2024,3,The modern operating system for chemical manufacturing.,poka-labs,ycombinator
Nuanced,https://www.nuanced.dev/,Winter 2024,Active,2024,2,Nuanced makes AI coding agents and tools smarter with static analysis.,nuanced,ycombinator
Tracecat,https://tracecat.com,Winter 2024,Active,2024,,The open sourceAI-native security automation platform,tracecat,ycombinator
Sonia,https://soniahealth.com,Winter 2024,Active,2024,8,"""Validated mental health support in your pocket, anytime. """,sonia,ycombinator
Duckie,https://duckie.ai/,Winter 2024,Active,2023,4,Build AI Support Agents in Minutes,duckie,ycombinator
Happenstance,https://happenstance.ai,Winter 2024,Active,2024,3,People search powered by AI,happenstance,ycombinator
Greptile,https://www.greptile.com,Winter 2024,Active,2023,20,AI code review agent with complete context of your codebase,greptile,ycombinator
ego,https://egoai.com,Winter 2024,Active,2024,9,"""Character AI + Roblox :persistent, sapient AI characters in 3D worlds """,ego,ycombinator
Legora,https://www.legora.com/,Winter 2024,Active,2023,400,The AI workspace for lawyers,legora,ycombinator
Scritch,https://www.scritchai.com,Winter 2024,Active,2024,,AI operating system for veterinary care,scritch,ycombinator
DryMerge,https://www.drymerge.com,Winter 2024,Active,2023,4,AI that updates your CRM for you,drymerge,ycombinator
Navier AI,http://navier.ai,Winter 2024,Active,2024,7,Agent-Driven Engineering,navier-ai,ycombinator
Upsolve AI,https://upsolve.ai/,Winter 2024,Active,2023,5,Embed GenBI in Your SaaS App,upsolve-ai,ycombinator
Letterbook,https://www.letterbook.ai/,Summer 2023,Active,2023,2,AI-native customer support platform,letterbook,ycombinator
Orbio Earth,https://www.orbio.earth/,Summer 2023,Active,2023,6,Tracking methane emissions with satellites,orbio-earth,ycombinator
jo,https://askjo.ai,Winter 2024,Active,2024,2,A new personal AI that actuallyknows you.,jo,ycombinator
Tempo,https://www.tempo.new,Summer 2023,Active,2023,8,"""Visual Editor for React, powered by AI""",tempo-2,ycombinator
Cognitio Labs,https://cognitioiq.com,Summer 2023,Active,2023,,Automating FDA-grade Traceability Requirements with Sensors and AI.,cognitio-labs,ycombinator
truemetrics,https://www.truemetrics.io/,Summer 2023,Active,2023,5,We show couriers where to parkand enter a building.,truemetrics,ycombinator
Wattson Health,https://www.wattsonhealth.com,Summer 2023,Active,2023,3,AI Voice and SMS Agents for Healthcare,wattson-health,ycombinator
Morph,https://morphllm.com,Summer 2023,Active,2023,3,Subagents and tools that improve coding agents,morph,ycombinator
Nowadays,http://nowadays.ai/,Summer 2023,Active,2023,5,AI co-pilot for corporate retreat andevent planning,nowadays,ycombinator
Waldium,https://www.waldium.com/,Summer 2023,Active,2023,5,The publishing layer for the AI-native web,waldium,ycombinator
Mocha,https://getmocha.com,Summer 2023,Active,2023,7,Build and publish web apps in minutes. No coding required.,mocha,ycombinator
Simbie AI,http://www.simbie.ai,Summer 2023,Active,2023,5,We get patients to their next appointment,simbie-ai,ycombinator
AiSDR,https://aisdr.com/,Summer 2023,Active,2023,5,AI sales prospecting. Replace your SDR with AiSDR,aisdr,ycombinator
Giga,https://giga.ai/,Summer 2023,Active,2023,30,AI Support Agent for Enterprises.,giga,ycombinator
Inconvo,https://inconvo.com,Summer 2023,Active,2023,2,Build chat-with-data agents for customer-facing applications,inconvo,ycombinator
Roame,https://roame.travel/,Summer 2023,Active,2023,2,Flight search engine using credit card points and miles,roame,ycombinator
dili,https://www.dili.com,Summer 2023,Active,2023,15,Automating PWA Compliance and Diligence,dili,ycombinator
Webhound,https://webhound.ai,Summer 2023,Active,2023,2,Long-horizon research agents,webhound,ycombinator
Cair Health,https://www.cairhealth.com/,Summer 2023,Active,2023,6,AI Agents for Healthcare RCM,cair-health,ycombinator
Quill Bills,https://quillbills.com,Summer 2023,Active,2023,3,AI-Powered Medical Billing,quill-bills,ycombinator
Strada,https://www.getstrada.com/,Summer 2023,Active,2023,18,AI agents that run insurance operations,strada,ycombinator
Minded,https://www.minded.com/,Summer 2023,Active,2023,2,Cursor for AI Agents,minded,ycombinator
Terracotta AI,https://tryterracotta.com,Summer 2023,Active,2023,3,AI-powered Infrastructure as Code PR reviews,terracotta-ai,ycombinator
Cedalio,https://cedalio.com/,Summer 2023,Active,2023,6,Turn your utility bills into smart decisions with AI,cedalio,ycombinator
Langdock,https://langdock.com,Summer 2023,Active,2023,22,The all-in-one AI platform for companies.,langdock,ycombinator
sudocode,https://sudocode.ai,Summer 2023,Active,2023,2,orchestrate your coding agents with sudocode,sudocode,ycombinator
Sweep,https://sweep.dev/,Summer 2023,Active,2023,4,The best AIcoding assistant for JetBrains,sweep,ycombinator
Silimate,https://www.silimate.com,Summer 2023,Active,2023,8,The copilot for chip designers,silimate,ycombinator
Andromeda Surgical,http://www.andromedasurgical.com,Summer 2023,Active,2023,10,Autonomous surgical robots,andromeda-surgical,ycombinator
DisputeNinja,https://www.disputeninja.ai,Summer 2023,Active,2023,2,Automate your chargebacks with AI agents,disputeninja,ycombinator
Baserun,https://baserun.ai,Summer 2023,Active,2023,2,Observability and evaluation platform for LLM apps.,baserun,ycombinator
Sola,https://www.sola-solutions.com/,Summer 2023,Active,2023,5,Copilot forRobotic Process Automation,sola,ycombinator
Rankai,https://rankai.ai/,Summer 2023,Active,2024,4,AI-Native Agency for Organic Growth (SEO & GEO) ,rankai,ycombinator
Inlet,https://inletai.com,Summer 2023,Active,2023,2,AI timekeeping forlegal professionals.,inlet-2,ycombinator
Slicker,https://www.slickerhq.com,Summer 2023,Active,2023,2,Recover payment failures and maximize subscription Revenue,slicker,ycombinator
Gleam,https://joingleam.com,Summer 2023,Active,2023,4,Automating Data Entry for Clinical Trials,gleam,ycombinator
sizeless,https://www.sizeless.co,Summer 2023,Active,2023,3,Instant 3D Digital Twins for Smarter RealEstate.,sizeless,ycombinator
Continue,https://continue.dev,Summer 2023,Active,2023,5,Quality control for your software factory,continue,ycombinator
Respaid,https://www.respaid.com,Summer 2023,Active,2023,42,"""Respectful B2B Debt Collection, Powered by AI""",respaid,ycombinator
MediSearch,https://medisearch.io,Summer 2023,Active,2023,6,Search engine for trustworthy medical information.,medisearch,ycombinator
Numen,https://www.numen.com,Summer 2023,Active,2023,16,Engineering a future without cancer deaths.,numen,ycombinator
Decoda Health,https://decodahealth.com/,Summer 2023,Active,2023,15,The all-in-one EMR built for med spasand elective care,decoda-health,ycombinator
Skyvern,https://www.skyvern.com/,Summer 2023,Active,2023,6,Open Source AI Agent to automate browser workflows viaan API,skyvern,ycombinator
Rocketeer,https://rocketeer.build,Summer 2023,Active,2023,4,Claude Code for GTM,rocketeer,ycombinator
Serra,https://www.serra.io/,Summer 2023,Active,2023,8,Your 24/7 AI Recruiter,serra,ycombinator
Arcimus,https://www.arcimus.com/,Summer 2023,Active,2023,2,A stream of engineering candidates who ship.,arcimus,ycombinator
Bronco AI,https://www.bronco.ai/,Summer 2023,Active,2023,5,AI for ASIC Design Verification,bronco-ai,ycombinator
Venta AI,https://www.getventa.ai,Summer 2023,Active,2023,7,The compliant AI colleague for sales teams in Europe,venta-ai,ycombinator
Alguna,https://alguna.com,Summer 2023,Active,2023,10,AI-Native CPQ & Billing for Modern Pricing Models,alguna,ycombinator
SID,https://www.sid.ai,Summer 2023,Active,2023,4,AI research lab forretrieval,sid,ycombinator
Spine AI,https://www.getspine.ai,Summer 2023,Active,2023,7,Manage a swarm of AI agents to get real work done,spine-ai,ycombinator
CORE,https://getcore.me,Summer 2023,Active,2023,3,Your AI butler that understands you really well and proactively acts…,heysol,ycombinator
Talc,https://talc.ai,Summer 2023,Active,2023,3,Event extraction for Medical Researchers,talc,ycombinator
OpenTools,https://opentools.com,Summer 2023,Active,2023,3,The API for LLM tool use,opentools,ycombinator
Readily,https://readily.co,Summer 2023,Active,2023,14,AI Compliance Platform for Healthcare Organizations,readily,ycombinator
Pointhound,http://www.pointhound.com,Summer 2023,Active,2023,5,Earn and redeem credit card points for free flights,pointhound,ycombinator
Diligent,https://godiligent.ai,Summer 2023,Active,2024,2,AI agents for fintech risk and compliance operations,diligent,ycombinator
Sohar Health,https://www.soharhealth.com,Summer 2023,Active,2023,8,AI-powered insurance verification to boost patient conversion.,sohar-health,ycombinator
Elyos AI,https://www.elyos.ai/,Summer 2023,Active,2023,20,AI Customer Service Agents for trades and field services,elyos-ai,ycombinator
Clearest Health,https://clearesthealth.com/,Summer 2023,Active,2023,3,Rebuilding trust in American health insurance.,clearest-health,ycombinator
Reworkd,https://reworkd.ai,Summer 2023,Active,2023,1,The simplest way to extract web data at scale,reworkd,ycombinator
Kino AI,https://kino.ai,Summer 2023,Active,2023,4,Kino is an AI media manager and video editor for humans and agents.,kino-ai,ycombinator
kapa.ai,https://www.kapa.ai,Summer 2023,Active,2023,22,The fastest way to build AI assistants on technical content,kapa-ai,ycombinator
Vaero,https://vaero.ai,Winter 2023,Active,2023,1,AI for Human Writing,vaero,ycombinator
Yuma AI,https://yuma.ai,Winter 2023,Active,2023,26,The AI Support Agent for Ecommerce,yuma-ai,ycombinator
Automat,https://www.runautomat.com/,Winter 2023,Active,2023,,AI enabled RPA using ChatGPT and computer vision,automat,ycombinator
Adri AI,https://www.getadri.ai/,Winter 2023,Active,2023,2,Vanta for AI,adri-ai,ycombinator
Vendora,https://www.vendora.io/,Winter 2023,Active,2023,4,All-in-One Software for the $1T Grocery Industry,vendora,ycombinator
Type,https://type.ai,Winter 2023,Active,2023,4,The AI-first document editor.,type,ycombinator
Metal,https://metal.ai/,Winter 2023,Active,2023,17,Institutional Intelligence for Private Equity,metal,ycombinator
Pier,http://www.pier-finance.com,Winter 2023,Active,2023,4,Stripe for Credit - Trusted Credit Compliance Partner,pier,ycombinator
Benchmark,https://withbenchmark.com/,Winter 2023,Active,2023,7,Decision infrastructure for investment firms,benchmark,ycombinator
rex.fit,https://www.rex.fit,Winter 2023,Active,2023,2,Automating nutrition tracking.,rex-fit,ycombinator
Berry,https://berryai.com/,Winter 2023,Active,2023,8,Scale customersuccess and onboarding with AI ,berry,ycombinator
Decohere,https://decohere.ai,Winter 2023,Active,2023,4,Real-time generative AI,decohere,ycombinator
CorgiLabs,https://www.corgilabs.ai,Winter 2023,Active,2023,3,AI to increase payment acceptance and reduce fraud for businesses,corgi-labs,ycombinator
Coldreach,https://coldreach.ai/,Winter 2023,Active,2023,3,Find the best leads with custom intent signals,coldreach,ycombinator
SuperKalam,https://superkalam.com,Winter 2023,Active,2023,20,AI-Powered Super Mentor for Test Prep,superkalam,ycombinator
CombineHealth,https://www.combinehealth.ai/,Winter 2023,Active,2023,15,Automating Healthcare Revenue Cycle Management with AI Workforce,combinehealth,ycombinator
Hippo Scribe,https://gethipposcribe.com,Winter 2023,Active,2024,2,AI assisted documentation for PT/OT/SLP,hippo-scribe,ycombinator
Finic,https://www.finic.ai,Winter 2023,Active,2023,4,Proactively hunt down fraud with AI,finic,ycombinator
Shortbread,https://www.shortbread.ai/,Winter 2023,Active,2023,4,Read romance comics.,shortbread,ycombinator
Boundary,https://www.boundaryml.com,Winter 2023,Active,2023,5,The programming language for AI,boundary,ycombinator
222,https://222.place,Winter 2023,Active,2022,16,the AI social facilitator for offlinehuman to human interactions,222,ycombinator
1stCollab,https://1stcollab.com/,Winter 2023,Active,2022,11,Performance-Optimized Influencer Marketing at Scale,1stcollab,ycombinator
Orchid,https://orchid.health,Winter 2023,Active,2023,4,AI-powered EHR for independent mental health professionals,orchid,ycombinator
Truewind,https://www.trytruewind.com,Winter 2023,Active,2023,30,AI-Powered Accounting,truewind,ycombinator
Velos,https://www.tryvelos.com,Winter 2023,Active,2023,3,Platform to automate manual back-office work,velos,ycombinator
Iliad,https://iliad.ai,Winter 2023,Active,2023,1,AI-accelerated procedural material and texture tools.,iliad,ycombinator
co.dev,https://co.dev/?ref=YC,Winter 2023,Active,2023,2,Turn your ideas into full-stack apps,co-dev,ycombinator
DataSuite,https://truthsuite.com,Winter 2023,Active,2022,4,Dataset Management for AI Trainers,datasuite,ycombinator
No Cap,https://www.nocap.so,Winter 2023,Active,2023,5,"""AIstartup investor, No Cap""",no-cap,ycombinator
Gooseworks,https://gooseworks.ai/,Winter 2023,Active,2022,5,OpenClaw-style AI coworkers for GTM teams,gooseworks,ycombinator
Cosine,http://www.cosine.sh,Winter 2023,Active,2022,12,Fully Agentic SWE,cosine,ycombinator
PoplarML,http://poplarml.com,Winter 2023,Active,2023,2,Deploy Machine Learning Models with One Command,poplarml,ycombinator
infra.new,https://infra.new,Winter 2023,Active,2023,3,AI Agent for Cloud Infrastructure,infranew,ycombinator
Gluetrail,https://www.gluetrail.com,Winter 2023,Active,2022,2,Create step by step articles with screenshots and videos 10x faster,gluetrail,ycombinator
JustPaid,https://www.justpaid.ai,Winter 2023,Active,2023,20,Billing Automation for B2B that actually works.,justpaid,ycombinator
Narrative,https://www.trynarrative.com/,Winter 2023,Active,2023,5,AI agents for end-to-end testing,narrative,ycombinator
Versive,https://www.getversive.com/,Winter 2023,Active,2023,3,AI-first user research platform,versive,ycombinator
Glass Health,https://glass.health,Winter 2023,Active,2022,7,AI-Powered Clinical Decision Support & Ambient Scribing,glass-health,ycombinator
Double – Coding Copilot,https://double.bot,Winter 2023,Active,2023,2,AI coding copilot engineered for performance,double-coding-copilot,ycombinator
Ohm,https://www.ohm.ai,Winter 2023,Active,2023,6,"""Ohm helps engineering labs develop better products faster, with AI.""",ohm-2,ycombinator
Pair AI,https://www.pairai.com/,Winter 2023,Active,2023,2,Reimagining education with short form video and AI,pair-ai,ycombinator
Backdrop,https://www.joinbackdrop.com,Winter 2023,Active,2023,2,Building what’s next with AI.,backdrop,ycombinator
Latent,https://latenthealth.com,Winter 2023,Active,2023,50,Medical language models to automate healthcare operations,latent,ycombinator
Concourse,https://concourse.co/,Winter 2023,Active,2023,7,AI Agents forcorporate finance teams,concourse,ycombinator
Novelcare,https://www.novel.care,Winter 2023,Active,2023,5,Empowering every doctor and every patient to participate in research,novelcare,ycombinator
Rollstack,https://www.rollstack.com,Winter 2023,Active,2022,30,Automate data-driven slide decks and documents with AI,rollstack-2,ycombinator
Linum,https://www.linum.ai/,Winter 2023,Active,2023,2,"""type text, dream video""",linum,ycombinator
Reflex,https://reflex.dev,Winter 2023,Active,2023,10,The operating system for building mission-critical enterprise apps.,reflex,ycombinator
StackAI,https://www.stack-ai.com,Winter 2023,Active,2023,55,The Enterprise AI Transformation Platform,stackai,ycombinator
Chima,https://www.withchima.com/,Winter 2023,Active,2023,7,Building infrastructure tools tohelp large companies customize their…,chima,ycombinator
Unify,https://unify.ai,Winter 2023,Active,2022,10,Hire AI — Not APIs ✨,unify,ycombinator
Gander,https://usegander.com,Fall 2024,Acquired,2024,7,Automation System for Global Aviation,gander,ycombinator
Thyme,https://www.meetthyme.com/,Summer 2024,Acquired,2024,2,The OS for financial advisors,thyme,ycombinator
Remade,https://www.remade.ai/?utm_source=YC&utm_medium=YC&utm_campaign=YC_profile&utm_content=YC_profile,Summer 2024,Acquired,2024,4,AI-native canvas for creative workflows.,remade,ycombinator
Arcane,https://www.rohanmehta.com/,Winter 2024,Acquired,2024,2,AI powered games,arcane,ycombinator
Resonance,https://www.useresonance.com/,Winter 2024,Acquired,2024,2,Self-improving content bank for marketing,resonance,ycombinator
Speck,https://speck.sh,Winter 2024,Acquired,2024,3,AI Notetaker that automates all your admin work,speck,ycombinator
StarJar,https://www.starjar.io/,Winter 2024,Acquired,2025,11,Starjar automates inbound document processing workflowsfor hospitals,starjar,ycombinator
OpenPipe,https://openpipe.ai/,Summer 2023,Acquired,2023,2,Turn expensive prompts into cheap fine-tuned models,openpipe,ycombinator
Autotab,https://autotab.com,Summer 2023,Acquired,2023,2,AI agents reliable enough to do real work,autotab,ycombinator
FlowiseAI,https://flowiseai.com,Summer 2023,Acquired,2023,5,Open source GenAI development platform,flowiseai,ycombinator
Inari,https://useinari.com,Summer 2023,Acquired,2023,2,Your juniorAI product manager,inari,ycombinator
Pincites,https://www.pincites.com/,Summer 2023,Acquired,2023,4,Close deals faster with AI for contract negotiation,pincites,ycombinator
Deasy Labs,https://www.deasylabs.com/,Summer 2023,Acquired,2023,8,Metadata for GenAI workflows,deasy-labs,ycombinator
Xeol,https://www.xeol.io/,Summer 2023,Acquired,2023,3,Close your outdated dependency attack vector,xeol,ycombinator
DAGWorks Inc.,https://www.dagworks.io/,Winter 2023,Acquired,2023,2,Open source tools & services for reliable AI Agents & AI Applications,dagworks-inc,ycombinator
Fintool,https://www.fintool.com/,Winter 2023,Acquired,2022,6,Financial copilot for institutional investors,fintool,ycombinator
Booth AI,https://booth.ai,Winter 2023,Acquired,2023,3,Generative AI Photographer for E-Commerce,booth-ai,ycombinator
Langfuse,https://langfuse.com,Winter 2023,Acquired,2023,13,Open source LLM engineering platform,langfuse,ycombinator
Nuntius,https://www.nuntius.ai,Summer 2025,Inactive,2025,2,Making Models Follow Rules.,nuntius,ycombinator
Zeroframe,https://zeroframe.ai,Fall 2024,Inactive,2024,2,Pushingthe boundaries of AI,zeroframe,ycombinator
Invaria,https://invaria.com,Summer 2024,Inactive,2024,3,The next generation logging and observability platform,invaria,ycombinator
Lumona,https://www.lumona.ai,Winter 2024,Inactive,2023,1,AI-enabled search engine featuring insights from social media.,lumona,ycombinator
Thorntale,https://thorntale.com,Winter 2024,Inactive,2024,2,"""The world's best presentation editor, powered by AI.""",thorntale,ycombinator
Abel,https://www.tryabel.com,Winter 2024,Inactive,2023,2,Transforming document review for litigation teams,abel,ycombinator
Toolify,https://toolify.sh,Winter 2024,Inactive,2024,2,Build internal tools with AI,toolify,ycombinator
Engines,https://engines.dev,Winter 2024,Inactive,2024,2,Setup any repo with one command,engines,ycombinator
Quary,https://www.quary.dev,Winter 2024,Inactive,2024,2,The first in-browser analytics engineering platform,quary,ycombinator
RadMate AI,https://www.radmate.ai,Winter 2024,Inactive,2024,2,Copilot for radiologists,radmate-ai,ycombinator
Lantern,http://lantern.dev,Winter 2024,Inactive,2023,3,Postgres vector databaseextension to build AI applications,lantern-2,ycombinator
Kips Health,,Summer 2023,Inactive,2023,2,The only patient engagement software that pays you.,kips-health,ycombinator
Movley,https://movley.com/,Summer 2023,Inactive,2023,8,Your e-commerce brand's product quality control department.,movley,ycombinator
Vizly,https://vizly.fyi,Summer 2023,Inactive,2023,2,Data to insights in seconds,vizly,ycombinator
Lysto,https://lysto.ai/,Summer 2023,Inactive,2024,2,Revenue intelligence platforms for startups,lysto,ycombinator
GreenTally,https://www.greentally.ai,Summer 2023,Inactive,2023,2,Affordable carbon tracking solution for all businesses,greentally,ycombinator
Atla,https://www.atla-ai.com/,Summer 2023,Inactive,2023,10,The improvement engine for AI agents,atla,ycombinator
Branch AI,https://www.branch-ai.com,Summer 2023,Inactive,2024,3,"""AI Overview Search, as aService""",branch-ai,ycombinator
Interlock,https://www.tryinterlock.com/,Winter 2023,Inactive,2023,2,We are still in stealth mode.,interlock,ycombinator
CodeParrot AI,https://codeparrot.ai/,Winter 2023,Inactive,2023,2,Helps Developers build stunning UI Lightning Fast ⚡️,codeparrot-ai,ycombinator
Magicflow 𐂂,https://magicflow.ai,Winter 2023,Inactive,2023,2,The Gen AI evaluation and curation platform,magicflow,ycombinator
Rubber Ducky Labs,https://www.rubberduckylabs.io/,Winter 2023,Inactive,2022,2,AI Powered Product Discovery,rubber-ducky-labs,ycombinator
Lynx,https://uselynx.ai,Winter 2023,Inactive,2023,5,AI platform for investigating and resolving engineering incidents,lynx,ycombinator
Layup,http://www.layuplabs.ai,Winter 2023,Inactive,2023,3,Guide your users. Right in your product.,layup,ycombinator
